data,label
Pemerintah Pastikan Vaksin COVID-19 Belum Ditemukan,0
Vaksin Covid-19 Diprediksi Ditemukan 2021 New Normal Jadi Solusi Pemerintah ak,1
Vaksin Covid-19 Belum Ditemukan Pemerintah Siapkan Skenario New Normal,0
Pemerintah indonesia selama vaksin belum ditemukan kita harus bersiap hidup dengan covid 19 dan harus menjalani new normal,1
Sampai saat ini belum di temukan Vaksin Covid-19 Mari  cegah penyebaran Covid-19 dengan patuhi aturan pemerintah,1
Jadi the new normal yang diterapkan oleh pemerintah Joko Widodo sudah tepat di saat vaksin dan obat COVID-19 belum ditemukan kata Wakil Ketua Umum Partai Gerindra,1
diskusi masalah covid kalo pemerintah gabisa memberitahu informasi secara jujur dan dokter belum bisa maksimal menemukan vaksinnya,2
Kita dukung pemerintah untuk mandiri dalam hal penciptaan produksi vaksin covid 19 sy tdk meragukan kemampuan putra2 Indonesia seperti loboratorium eyckman jokowi KemenkesRI,1
Pemerintah mempersiapkan penerapan prosedur standar tatanan baru new normal di sarana publik karena wabah virus Corona COVID-19 belum bisa dipastikan berlalu sementara vaksin Corona juga belum ditemukan,0
Anggaran negara yang terkuras untuk rakyat apa untuk BUMN yang ada rakyat dipajaki berlipat seperti kenaikan bpjs petani panen sayur tapi pemerintah malah impor sayur sedangkan kasus covid masih tinggi dan belum ada vaksin,2
Beberapa bulan silam pemerintah menyebut telah membeli 2000 vaksin Kemudian di ralat vaksin covid belum ditemukan Hari ini kemendagri menyampaikan jika kemenristek telah membuat tim untuk riset vaksin covid Kok kayak aneh Kebohongan Baru,2
Pemerintah telah merancang skenario bagaimana caranya hidup normal di tengah-tengah pandemik Covid-19 yang belum mungkin habis dalam waktu dekat sebelum vaksinnya ditemukan,0
Pemerintah terlalu banyak ngurusin tutup sana sini batasin sana sini mending siapin vaksin covid aja dulu,1
Setuju Selama vaksin covid 19 belum ada dan menunggu penelitian yg berkepanjangan manusia harus bisa berdampingan dengan covid 19 dan kita harus bisa menjaga kesehatan dan mengikuti peraturan yg di berlakukan pemerintah Roda perekonomian harus segera pulih kembali,1
Herd Immunity itu kalau udah ada vaksin harusnya Tapi kayanya emang pemerintah pengen semua masyarakat kena covid supaya ada herd immunity Tapi bakalan ada banyak korban juga yg meninggal,0
Pandemi Covid-19 mau tak mau suka tak suka hrs di jalani sebagai suatu bagian dari kehidupan manusia Tidak mungkin menunggu vaksin sedangkan hidup butuh interaksi ekonomi dan sosial Kita dukung program pemerintah walau ada kekurangannya,2
Intinya pemerintah udah ga bener ngurusin covid dan akhirnya nurut mau nunggu vaksin,1
Menurut pemerintah para ahli dari seluruh dunia masih berusaha untuk menemukan vaksin untuk pencegahan Covid-19,0
Menurut pemerintah para ahli dari seluruh dunia masih berusaha untuk menemukan vaksin untuk pencegahan Covid-19,0
Pemerintah tidak mampu membeli vaksin dengan segala kebijakan Pemerintah membiarkan kita beraktivitas karena APBN untuk penanganan covid-19 sudah habis agar menumbuhkan perekonomian,2
Pemerintah dan masyarakat tengah bersiap menghadapi era normal yang baru atau new normal sebagai cara untuk sementara hidup berdamai dengan virus Corona COVID-19 hingga vaksinnya dapat ditemukan dan diproduksi massal,1
Syarat new nornal mesti ada vaksin covid 19 tanpa ada itu bunuh diri masal namaya,1
Herd imunity tanpa vaksin itu genosida,1
New Normal akan di jalankan hingga pemerintah mendapatkan vaksin untuk menangkal virus covid-19,1
Belum dicoba dengan melaksanakan protokol dengan baik dan benar udah bilang gak mungkin bisa ternyata nanti kemungkinan buruk covid emang ga bakal ilang dan susah nemu vaksinnya,2
Kalau pemerintah pro rakyat harusnya segera dibebasin dan pasti beliau langsung komando buat vaksin covid 19,1
Virus yang sangat berbahaya yang sampai saat ini belum ditemukan vaksin dan obatnya,0
"ekonomi berjalan kembali rakyat punya daya beli pemerintah tidak perlu bagi bansos bisa buat penanganan kasus dan pengembangan vaksin covid-19
",1
Gugus Tugas ingatkan vaksin COVID-19 belum ditemukan patuh dan ikuti aturan Pemerintah,0
Pemerintah tengah menyiapkan skenario new normal untuk Aparatur Sipil Negara ASN PNS di tengah pandemi COVID-19 Skenario ini disiapkan sebagai pedoman bagi PNS agar dapat bekerja secara optimal selama vaksin COVID-19 belum ditemukan,0
Jika ditemukan vaksin maka Vaksinasi Herd Immunity,1
Pemerintah tengah menyiapkan skenario new normal untuk Aparatur Sipil Negara ASN PNS di tengah pandemi Skenario ini disiapkan sebagai pedoman bagi PNS agar dapat bekerja secara optimal selama vaksin covid 19 belum ditemukan ,0
New Normal adalah tatanan baru utk beradaptasi dgn Covid19 dimana masyarakat harus menjaga produktivitasnya selama vaksin Covid yg mempunyai standard internasional belum ditemukan,1
Juru Bicara Pemerintah untuk Penanganan COVID-19 Achmad Yurianto menyebutkan vaksin bukan satu-satunya cara agar seseorang terhindar dari penularan Covid-19,2
Jubir Pemerintah untuk Penanganan Covid-19 Saat ini kita harus mulai memaklumi bahwa vaksin masih belum menemukan titik terang Belum pasti kapan vaksin ini bisa di produksi secara masal dan bisa dijadikan standart dunia utk memberikan kekebalan,2
Pemerintah Jepang baru-baru ini berencana akan memulai vaksinasi pencegahan infeksi Covid-19 kepada seluruh warganya,0
Juru Bicara Pemerintah untuk Penanganan Covid-19 menegaskan penemuan vaksin corona bukan lah hal yang mudah,2
Pemerintah menargetkan Indonesia dapat memproduksi vaksin sendiri untuk menangkal virus corona Covid-19 pada akhir tahun ini Vaksin ini akan diprioritaskan untuk penggunaan di Indonesia ZonaRequestMalam NewNormal diRumahAja,0
Pemerintah menyiapkan tananan kehidupan New Normal sambil sambil menunggu ditemukan vaksin Covod 19 Masyarakat harus bisa beradaptasi dgn situasi dan kondisi saat in so kita harus siap namun tetap menerapkan protokol kesehatan covid 19,0
pemerintah menargetkan pembuatan vaksin Covid-19 buatan dalam negeri,0
"sebenarnya covid itu emang gak ada tes covid juga gak 100 ampuh heran kenapa pemerintah takut WHO pinter banget menguasai dunia dengan vaksin gak menutup kemungkinan tahun depan akan ada pandemik lagi
",2
saya mohon sangat agar pembelian vaksin dan obat covid-19 bisa dilakukan negara agar harganya bisa terjangkau jangan seperti masker yang harganya berlipat ganda dan pemerintah tidak berdaya mengendalikan harga jualnya,1
Vaksin Covid-19 Belum Ditemukan Pemerintah Siapkan Skenario New Normal,0
Pemerintah ngambil skenario herd immunity soalnya Padahal secara teori herd immunity terjadi kalo diiringi adanya vaksin,1
Dana pemerintah pusat habis gegara PSBB daerah rakyat gak butuh PSBB rakyat butuh vaksin anti COVID 19,1
sambil terus berharap vaksin virus COVID-19 segera ditemukan dan diproduksi massal Kebijakan jangka pendek yang dapat diterapkan adalah bantuan keuangan baik dalam bentuk pinjaman lunak atau bantuan tunai langsung dengan melibatkan pemerintah dan sektor swasta,1
Sampai obat atau vaksin ditemukan dulu bagi yang tidak mau mengikuti anjuran pemerintah lebih baik jangan ditanggung biaya kesehatannya,1
ide cerdas untuk menjalankan Protokol Kesehatan di Ponpes Sebelum ditemukan vaksin covid-19,1
vaksin useless kalau kita tertular,2
new normal kurva turun mah kaga bakal bisa tanpa vaksin,1
pemerintah akan bersiap mengedarkan vaksin,0
pakai masker sampai vaksin ditemukan,1
untuk memutus mata rantai covid 19 pemerintah harus secepat nya menyedia kan vaksin,1
Kalo emang menurut pemerintah wabah Covid-19 ini masalah yang serius duit sebesar ini mending dialokasikan buat swab test atau penelitian tentang bakal vaksin yang ampuh untuk menangkal virus ini,1
Semoga covid segera ditemukan obat dan vaksinnya,1
Uang segitu bisa buat penelitian vaksin atau yang berhubungan dengan penanganan covid,1
pemerintah akan melakukan uji klinis fase kedua vaksin virus corona pada Agustus mendatang,0
vaksin covid 19 kental bernuansa politik dan bisnis,2
Semoga pandemic Covid-19 ini melandai dalam waktu dekat pemerintah dapat segera menemukan vaksinnya,1
Percepatan vaksin Covid-19 di Indonesia sangat membutuhkan kerja sama antara akademi bisnis peneliti dan pemerintah,0
Bio Farma diberi kepercayaan dalam pengembangan vaksin dan obat Virus Covid-19,0
Bio Farma sebagai tempat penelitian dan pengembangan vaksin Covid-19,0
Menuju kemandirian bangsa terutama dalam penanganan Covid-19 pemerintah terus berupaya menemukan dan mengembangkan vaksin virus tersebut yang akan diproduksi sendiri di dalam negeri melalui perusahaan farmasi milik negara lho,1
Pemerintah akan mengalihkan gedung Laboratorium Flu Burung kepada BUMN farmasi Bio Farma sebagai tempat penelitian dan pengembangan vaksin Covid-19,0
Masyarakat harus membiasakan diri karena vaksin lama ditemukan,2
Pemerintah Rusia mengatakan siap memasok obat dan vaksin Covid-19,0
anggaran itu buat nambahin anggaran riset vaksin covid 19,1
Sambil menunggu penemuan vaksin Covid-19 pemerintah Korea Selatan dan Uni Eropa memutuskan menggunakan obat remdesivir sebagai obat Covid-19 Internasional Kompas55,0
Pemerintah Amerika Serikat AS mengucurkan dana sebesar US 1 6 miliar setara Rp23 triliun kepada perusahaan Novanax untuk proyek pengujian komersialisasi dan produksi vaksin covid-19 potensial di negara itu,0
Pemerintah tengah mengembangkan pembuatan vaksin untuk Covid-19,0
Corona itu buatan biar orang dibuat sakit terus disuruh beli vaksinnya,2
Sebagai produsen vaksin plat merah yang rekam jejaknya sudah mendunia Bio Farma diberi amanah oleh pemerintah untuk bisa segera membuat vaksin untuk melawan virus Covid-19 yang menjadi pandemi paling mengerikan dalam sejarah manusia ini,0
Pemerintah Inggris menjajaki rencana pembelian 60 juta dosis vaksin Covid-19 yang diproduksi perusahaan farmasi Sanofi dan GlaxoSmithKline,0
Kenapa pada saat begini IDI tidak mengusulkan kepada pemerintah Indonesia untuk membuat vaksin secara independent dan melakukan penelitian independent terhadap virus COVID-19 dok,1
Harga Vaksin Corona Diperkirakan Rp 75 000 Per Orang Kapan Siap Pemerintah memperkirakan harga vaksin Covid-19 yang diproduksi oleh Indonesia berkisar Rp75 000 per orang,0
Satu-satunya solusi adalah vaksin,1
Pemerintah Jangan Ambil Resiko Buka Sekolah Jika Belum Menemukan Vaksin Covid-19,1
vaksin Covid-19 bertujuan untuk memutus mata rantai dan menyelesaikan masalah virus Corona di Indonesia,1
Pemerintah saat ini masih terus mengembangkan dan mencari vaksin Covid-19 Hal tersebut bertujuan untuk memutus mata rantai dan menyelesaikan masalah virus Corona di Indonesia,1
BERHARAPLAH ANDA TERMASUK ORANG TERPILIH Sebab pemerintah melalui Kementerian Riset dan Teknologi menyatakan bahwa pemberian vaksin Covid-19 hanya akan diberikan pada orang-orang yang terpilih,2
biaya vaksin virus Covid-19 gratis ditanggung semuanya oleh Pemerintah yang telah realokasi APBN sebesar Rp 695 T,1
Berita bagus dari Moderna tersebut disusul berita hari ini terkait AstraZeneca dan Oxford University yang juga akan melangkah pada tahap lanjutan pengembangan vaksin Covid-19 Keduanya didukung penuh oleh Pemerintah Inggris,1
Pemerintah tengah mengembangkan pembuatan vaksin untuk Covid-19,0
Pengembangan vaksin covid-19 Saat ini vaksin covid-19 sudah masuk dalam tahap pengujian dan ditargetkan bisa diproduksi secara masal pada pertengahan tahun 2021,0
terimakasih atas kerja keras pemerintah dalam menyediakan vaksin covid-19,1
Pemerintah gencarkan fase uji klinis vaksin Covid-19 Sebuah upaya dan terobosan positif,1
Optimis pemerintah fokus fase uji klinis vaksin Covid-19 Semoga sukses dan berhasil,1
covid tuh udah ambyar sekarang ramai laqi soal vaksin dari cina,2
optimis pengadaan vaksin Covid-19 untuk Indonesia bisa segera terwujud,1
pemerintah akan menggunakan vaksin Covid-19 yang dibuat oleh Sinovac Biotech perusahaan asal China,0
isu virus corona ladang bisnis bagi pemerintah vaksin rakyat harus beli rapid tes bayar covid 19 hanya lah konspirasi elit global untuk menghancur kan ekonomi dunia,2
Pemerintah gencarkan fase uji klinis vaksin covid-19,0
Kalau harga vaksin per-dosis 73 ribu sampe 147 ribu semoga pemerintah kasih vaksin gratis lah jangan rakyat suruh beli lagi Tapi kalau ngeliat kelakuan pemerintah selama menangani COVID-19 kayanya rakyat bakal rogoh kocek sendiri nih,2
ga usah bikin vaksin covid ga usah ada satgas dan ga usah ada penanganan covid lagi warga aja udh ga peduli,2
Alhamdulillah berkat kerja keras pemerintah dgn semua jajarannya sebentar lg vaksin covid-19 bisa diproduksi masal dan kita bisa kembali hidup normal terimakasih Bpk Presiden ku Jokowi,1
Selain kandidat vaksin dari China ternyata pemerintah juga akan mendatangkan kandidat vaksin COVID-19 dari Inggris,0
virus ini bisa konspirasi politik atau ekonomi agar penangannya pas bisa saja ini agenda bisnis vaksin,2
vaksin ini tidak akan perbaiki situasi cuma beri false sense of security,2
Pemerintah mau membunuh rakyatnya dgn vaksin tolak vaksin,2
Vaksin belum sempurna sudah divaksin masih positif covid Vaksin dari cina mengandung babi Vaksin cuma akal-akalan pemerintah malak duit masyarakat,2
gak percaya vaksin karena menjadi proyek percobaan,2
vaksin kelinci percobaan,2
covid dijadiin kelinci percobaan aja buat nguji vaksin,2
Kita punya hak untuk menolak vaksin COVID dari China,2
Kita tidak tahu virus COVID-19 dari China kandungan sebenarnya apa Knapa China tidak uji coba ke rakyatnya dlu Bisa saja dikatakan vaksin tapi sebenarnya virus yg berbahaya yang bisa membuat sakit mematikan kita Kita tahu di rezim ini China begitu dekat dg pemerintah,2
vaksin yg sudah teruji secara klinis bisa mengurangi penambahan pasien positif covid,1
Pemerintah berharap vaksin Covid-19 produksi Sinovac bisa diproduksi oleh Bio Farma,0
dukung program vaksinasi Vaksin Pandemi Indonesia,1
Pelaku Usaha Pariwisata di Tangsel Siap Jalani Vaksinasi Covid-19,1
Walaupun sudah mendapatkan vaksin tetap patuhi protokol kesehatan ya,1
Prgram Vaksinasi menjadi kunci membentuk kekebalan terhadap virus,1
Program vaksinasi merupakan satu dari sejumlah strategi untuk mengatasi pandemi Covid-19,1
Dukung Indonesia bebas Covid-19 dengan vaksinasi,1
Vaksinasi mempercepat penanganan Covid-19 dan Pemulihan Ekonomi Nasional,1
Pemerintah pastikan keamanan vaksin COVID-19 untuk masyarakat Indonesia,0
Vaksinasi COVID-19 bagi lansia akan dilakukan secara bertahap,0
Pemerintah sudah siap melakukan vaksinasi bagi lansia,0
Dukung pelaksanaan vaksinasi mandiri,1
Tiada rasa demam selera pun macam biasa dua hari selepas disuntik vaksin TSMY,1
Ketua Ikatan Bidan Indonesia IBI Bandar Lampung Elya Eva mengatakan mendukung program vaksinasi anak usia balita,1
39 orang tahanan KPK terkait kasus korupsi diketahui telah menerima suntikan vaksinasi Covid-19,0
Jangan takut vaksin ya,1
Wakil Presiden Wapres Ma ruf Amin mengatakan Pemerintah menjamin ketersediaan vaksin COVID-19,0
Alhamdulillaah vaksin tahap 1 sudah terlewati Semoga selalu dlm lindungan Allah,1
Vaksinasi Covid-19 Tahap II di Pangandaran Butuh Ratusan Ribu Dosis vaksinasi vaksin,0
Sebanyak sebelas ribu pelayan Publik Guru Tokoh Agama dan Wartawan saat ini tengah menerima vaksin gelombang pertama,0
Vaksin bukan hanya untuk kepentingan pribadi melainkan kepentingan bersama mari kita dukung program vaksin,1
tidak ada alasan untuk takut vaksin karena vaksin bertujuan untuk meningkatkan imun indonesiasehat Vaksin,1
yuk bersama dukung vaksin untuk melawan covid indonesiasehat Vaksin Vaksinasi,1
vaksin tujuanya untuk meningkatkan imun dari covid mari kita dukung indonesiasehat Vaksin Vaksinasi,1
masyarakat kuat bersama dengan adanya program vaksin indonesiasehat Vaksin Vaksinasi,1
vaksin untuk melindungi masyarakat dan diri kita sendiri indonesiasehat Vaksin Vaksinasi,1
jika memiliki kepedulian mari dukung vaksin untuk orang yang tercinta indonesiasehat Vaksin Vaksinasi,1
Riset vaksin dilakukan dengan jalan yang panjang dan vaksin juga dibuat sesuai dengan kebutuhan mari kita dukung,1
vaksinasi merupakan langkah preventif yang efektif untuk melawan covid indonesiasehat Vaksin Vaksinasi,1
jangan sampai orang tercinta terkena covid dukung vaksin utuk keluarga yang sehat indonesiasehat Vaksin,1
keluarga yang sehat aware dengan kesehatan mari kita dukung vaksinasi indonesiasehat Vaksin Vaksinasi,1
program vaksin bertujuan baik agar masyarakat terbebas dari covid19 indonesiasehat Vaksin Vaksinasi,1
jangan mau kalah sama covid tetap konsisten menjalankan prokes dan mengdukungi program vaksin untuk perangi covid,1
jangan sampai kecolongan yuk kita terus menjaga kesehatan dan dukung progaram vaksinasi indonesiasehat Vaksin,1
vaksin itu tujuanya baik jangan sampai gak vaksin yah indonesiasehat Vaksin Vaksinasi,1
vaksin aman dan halal merupakan salah satu usaha kita untuk melindungi keluarga dari ancaman covid19,1
Satu suntikan untuk perlindungan diri Tak perlu takut Berusaha lebih baik dari menyerah vaksin kitajagakita,1
Vaksinasi untuk masyarakat umum akan menggunakan sistem data satu vaksinasi covid-19,0
Vaksinasi Lansia Prioritas di Bandar Lampung Khusus untuk penerima vaksin warga lansia terdata sebanyak 34592 orang,0
menuju Indonesia bebas COVID-19 vaksinasi atlet bebascovid19,1
Vaksinasi Guru Tuntas Kota Malang Siapkan Sekolah Tatap Muka Juli,0
Banyak negara termasuk sudah mulai menerima Vaksin COVID19 Semoga proses vaksinasi lancar dan berhasil,1
khawatir tentang pemberian vaksin ini,2
ASN Wanita Pingsan Setelah Divaksin Covid-19 Sempat Alami Muntah dan Pusing vaksinasi,2
Target Vaksinasi Tahap II Kota Batu Tuntas Awal Maret,0
Pemerintah mulai melakukan vaksinasi Covid-19 kepada atlet pelatih dan tenaga pendukung pada hari ini Jumat 26,0
Wartawan Pringsewu masuk dalam prioritas vaksinasi tahap ke II oleh Dinas Kesehatan Kabupaten Pringsewu,0
Saya sudah di vaksin covid-19,1
Wakil Presiden Ma ruf Amin menyatakan pemerintah saat ini masih menyusun regulasi tentang pelaksanaan vaksin covid,0
semoga kita semua bisa segera mendapatkan giliran untuk vaksinasi Covid-19,1
Ribuan Perusahaan Swasta Daftar Vaksinasi Mandiri perusahaan swasta vaksinasi mandiri,0
Vaksin AMAN dan HALAL,1
Sebagaian masyarakat bertanya-tanya orang sudah divaksin justru malah kena covid-19 Vaksin,2
ayo sedulur semua putus Covid-19 dengan disiplin 5M vaksinasi vaksinasicovid19,1
"DUKUNG VAKSINASI NASIONAL COVID 19 UNTUK KESEHATAN IMUNITAS MASYARAKAT vaksinasi vaksinasicovid19
",1
SIAP DIVAKSIN PATUH 5M MERUPAKAN KUNCI AGAR TERBEBAS PANDEMI VIRUS COVID-19 vaksinasi vaksinasicovid19,1
VAKSINASI COVID-19 JADI HARAPAN MEMULIHKAN BISNIS MEDIA vaksinasi vaksinasicovid19,1
jangan sampai lengah covid angkanya belum berkurang mari kita selalu disiplin prokes dan dukung program vaksinasi,1
jangan sampai kecolongan yuk kita terus menjaga kesehatan dan dukung progaram vaksinasi indonesiasehat Vaksin,1
vaksin itu tujuanya baik jangan sampai gak vaksin yah indonesiasehat Vaksin Vaksinasi,1
vaksin aman dan halal merupakan salah satu usaha kita untuk melindungi keluarga dari ancaman covid19,1
mari kita tangkal covid dengan vaksinasi indonesiasehat Vaksin Vaksinasi,1
Jangan Patah semangat pertahankan prokes dan dukung program vaksin sebagai upaya melawan corona indonesiasehat,1
vaksin itu bukan obat melainkan membuat tubuh kita lebih kuat menghadapi covid19 mari kita dukung vaksinasi,1
vaksinasi langkah terbaik dalam menghadapi covid 19 mari dukung vaksinasi indonesiasehat Vaksin Vaksinasi,1
Vaksin yang ada di Indonesia sudah diperiksa terlebih dahulu sebelum digunakan mari kita dukung vaksin,1
vaksin itu sangat baik karena bisa membuat tubuh kita lebih kuat dari covid19 indonesiasehat Vaksin Vaksinasi,1
60 Karyawan UIN Maliki Malang Mulai Vaksinasi Covid-19 Perdana infoUINmaliki vaksinasi,0
masih ragu - ragu untuk menerima vaksin,2
Aku sudah vaksin Alhamdulillah lancar,1
KEBUT VAKSINASI KEBUT PEMULIHAN EKONOMI vaksin covid19,1
Mari sukseskan vaksinasi covid agar anak2 sudah bisa segera sekolah bertatap muka,1
Vaksinasi penting dilakukan untuk menghadapi panderni dengan melaksanakan vaksinasi maka tubuh kita akan membentuk imun,1
Presiden Jokowi yakin peran ulama mengajak masyarakat agar mau divaksin akan signifikan Ulama NU Vaksin,0
Komersialisasi Vaksin rbayar ini ibarat ruang bas asap rokok sekali ada ngerokok rusak semuanya vaksin ,2
Stok terbatas dan tingginya permintaan maka harga akan meroket vaksin,2
Vaksinasi Covid Berjalan Masif Rakyat Indonesia Patut Bersyukur Vaksin vaksincovid19 Vaksinasi Nasional,1
vaksin itu bukan hanya untuk anak muda tetapi orangtua mari kita sayang orangtua dengan iut vaksinasi,1
vaksin merupakan ikhtiar kita dalam melawan covid mari kita support indonesiasehat Vaksin Vaksinasi,1
vaksin teruji ampuh dalam menghadapi covid mari kita dukung vaksin indonesiasehat Vaksin Vaksinasi,1
mari kita dukung Tenaga kesehatan Indonesia dengan ikuti protokol kesehatan dan mendukung program vaksinasi,1
Pemkot Bogor melakukan vaksinasi Covid-19 tahap kedua mulai Senin 1 Maret 2021,0
Vaksin yang diberikan kepada tenaga kesehatan terbukti menurunkan tingkat infeksi di berbagai provinsi vaksinasi,1
Dukung pelaksanaan vaksinasi mandiri Vaksin VaksinasiCovid19 VaksinUntukRakyatIndonesia,1
Akhirnya divaksin sinovac covid 19 vaksin,1
Menkes Telat Vaksin Ratusan Ribu Nyawa Terancam Mati Kena Corona KemenkesRI Vaksin vaksincovid19 Corona,0
Sejak bulan lalu sudah daftarkan vaksin utk para staf dan karyawan selanjutnya menunggu dan hingga hari ini masih menunggu vaksin,1
